<?xml version="1.0"?>
<!DOCTYPE package-info SYSTEM "http://www.elkarte.net/site/package-info">
<package-info xmlns="http://www.elkarte.net/site/package-info" xmlns:elk="http://www.elkarte.net/">
	<id>Spuds:elk2pdf</id>
	<name>Print to PDF</name>
	<version>1.0.8</version>
	<type>addon</type>
	<license><![CDATA[
/**
 * Print to PDF
 *
 * @author spuds
 * @license BSD-3
 *
 * @version 1.0.8
 */
]]></license>
	<install for="1.0 - 1.1.99">
		<readme type="file" parsebbc="true">readme.txt</readme>
		<license type="inline">This Elkarte addon is released under a BSD-3-Clause license.</license>
		<require-file name="sources/PDF.controller.php" destination="CONTROLLERDIR" />
		<require-file name="sources/Elk_PDF.class.php" destination="SUBSDIR" />
		<require-file name="sources/Elk_PDF.integration.php" destination="SOURCEDIR" />
		<require-dir name="ext" destination="SOURCEDIR" />
		<hook hook="integrate_display_buttons" file="SOURCEDIR/Elk_PDF.integration.php" function="idb_elk2pdf" />
	</install>

	<uninstall for="1.0 - 1.1.99">
		<hook reverse="true" hook="integrate_display_buttons" file="SOURCEDIR/Elk_PDF.integration.php" function="idb_elk2pdf" />
		<remove-file name="CONTROLLERDIR/PDF.controller.php" />
		<remove-file name="SUBSDIR/Elk_PDF.class.php" />
		<remove-file name="SOURCEDIR/Elk_PDF.integration.php" />
		<remove-file name="EXTDIR/tfpdf.php" />
		<remove-dir name="EXTDIR/font" />
	</uninstall>
</package-info>
